{
  "project_info": {
    "project_number": "278457645769",
    "project_id": "swiftlyy-b34f7",
    "storage_bucket": "swiftlyy-b34f7.firebasestorage.app"
  },
  "client": [
    {
      "client_info": {
        "mobilesdk_app_id": "1:278457645769:android:d619f903902dee85ef6b18",
        "android_client_info": {
          "package_name": "com.example.swiftly"
        }
      },
      "oauth_client": [],
      "api_key": [
        {
          "current_key": "AIzaSyDd3bgy6teNGE7pjIuAmZ6_w4pcJRF9uIs"
        }
      ],
      "services": {
        "appinvite_service": {
          "other_platform_oauth_client": []
        }
      }
    }
  ],
  "configuration_version": "1"
}